City_ID,City,Country,Date,Lat,Lng,Max Temp,Humidity,Cloudiness,Wind Speed
0,Port Alfred,ZA,2021-10-01 13:30:30,-33.5906,26.891,66.42,83,61,17.52
1,Saint-Philippe,RE,2021-10-01 13:30:31,-21.3585,55.7679,76.59,75,31,12.46
2,Beloha,MG,2021-10-01 13:30:31,-25.1667,45.05,84.42,42,0,11.3
3,Nanortalik,GL,2021-10-01 13:30:32,60.1432,-45.2371,41.45,49,0,7.45
4,Lompoc,US,2021-10-01 13:28:04,34.6391,-120.4579,67.57,71,1,0.0
5,Hilo,US,2021-10-01 13:30:22,19.7297,-155.09,73.13,91,40,4.61
6,Pergamino,AR,2021-10-01 13:30:32,-33.89,-60.5736,68.25,31,0,13.62
7,Ushuaia,AR,2021-10-01 13:30:32,-54.8,-68.3,44.22,75,75,25.32
8,Hobart,AU,2021-10-01 13:26:03,-42.8794,147.3294,57.11,98,75,1.01
9,Rikitea,PF,2021-10-01 13:30:33,-23.1203,-134.9692,72.95,73,5,18.86
10,Khatanga,RU,2021-10-01 13:30:33,71.9667,102.5,28.04,97,100,2.28
11,Podgornoye,RU,2021-10-01 13:30:34,51.735,39.1496,41.22,87,90,4.47
12,Torbay,CA,2021-10-01 13:30:29,47.6666,-52.7314,62.28,99,90,5.75
13,Busselton,AU,2021-10-01 13:25:41,-33.65,115.3333,51.08,82,100,10.83
14,Nome,US,2021-10-01 13:30:34,64.5011,-165.4064,30.27,64,1,14.97
15,Bengkulu,ID,2021-10-01 13:30:35,-3.8004,102.2655,78.01,85,100,5.03
16,Mataura,NZ,2021-10-01 13:30:35,-46.1927,168.8643,49.48,97,100,2.24
17,Chokwe,MZ,2021-10-01 13:30:35,-24.5333,32.9833,86.88,38,33,2.55
18,Mahebourg,MU,2021-10-01 13:30:35,-20.4081,57.7,74.25,68,40,12.66
19,Mareeba,AU,2021-10-01 13:30:36,-17.0,145.4333,70.52,93,95,0.65
20,Vao,NC,2021-10-01 13:30:36,-22.6667,167.4833,70.74,89,100,23.17
21,Kalawit,PH,2021-10-01 13:30:36,8.0667,122.5167,80.62,80,77,3.11
22,Meulaboh,ID,2021-10-01 13:30:37,4.1363,96.1285,75.49,85,100,4.03
23,Rawson,AR,2021-10-01 13:30:37,-43.3002,-65.1023,54.54,28,3,7.31
24,Fortuna,US,2021-10-01 13:30:37,40.5982,-124.1573,56.86,75,90,0.0
25,Port Elizabeth,ZA,2021-10-01 13:30:38,-33.918,25.5701,63.1,94,90,16.11
26,Cabo San Lucas,MX,2021-10-01 13:26:12,22.8909,-109.9124,72.61,83,11,5.06
27,Poum,NC,2021-10-01 13:30:38,-20.2333,164.0167,75.09,86,100,22.39
28,Del Rio,US,2021-10-01 13:30:38,29.3627,-100.8968,71.71,97,40,9.22
29,Kahului,US,2021-10-01 13:30:39,20.8947,-156.47,76.26,82,75,9.22
30,Hasaki,JP,2021-10-01 13:30:39,35.7333,140.8333,66.6,88,100,38.3
31,Tilichiki,RU,2021-10-01 13:30:39,60.4667,166.1,29.61,96,100,5.7
32,Albany,US,2021-10-01 13:28:58,42.6001,-73.9662,54.3,92,3,5.95
33,Manyana,BW,2021-10-01 13:30:40,-23.4,21.7167,90.3,8,4,16.11
34,Cape Town,ZA,2021-10-01 13:29:30,-33.9258,18.4232,68.11,58,20,26.46
35,Arraial Do Cabo,BR,2021-10-01 13:29:18,-22.9661,-42.0278,76.96,78,40,20.71
36,Bethel,US,2021-10-01 13:30:40,41.3712,-73.414,58.93,83,1,0.0
37,Ribeira Grande,PT,2021-10-01 13:30:41,38.5167,-28.7,75.6,83,40,9.22
38,Puerto Leguizamo,CO,2021-10-01 13:30:41,-0.1934,-74.7819,81.43,68,100,1.36
39,Bilma,NE,2021-10-01 13:30:41,18.6853,12.9164,98.76,9,1,5.39
40,Kapaa,US,2021-10-01 13:26:38,22.0752,-159.319,73.38,83,1,5.75
41,Ponta Do Sol,PT,2021-10-01 13:30:42,32.6667,-17.1,78.12,63,3,4.54
42,Salinas,US,2021-10-01 13:29:54,36.6777,-121.6555,61.56,68,1,3.44
43,Clyde River,CA,2021-10-01 13:30:42,70.4692,-68.5914,35.94,81,100,1.63
44,Kavieng,PG,2021-10-01 13:30:43,-2.5744,150.7967,82.72,70,100,8.79
45,Airai,TL,2021-10-01 13:30:43,-8.9266,125.4092,61.32,78,76,1.45
46,Bambous Virieux,MU,2021-10-01 13:30:43,-20.3428,57.7575,74.21,68,40,12.66
47,Punta Arenas,CL,2021-10-01 13:27:55,-53.15,-70.9167,42.82,81,75,23.02
48,Matay,EG,2021-10-01 13:30:44,28.419,30.7792,88.75,25,0,16.53
49,Ca Mau,VN,2021-10-01 13:30:44,9.1769,105.15,78.67,90,85,3.2
50,Parksville,CA,2021-10-01 13:30:44,49.3163,-124.3195,51.44,93,29,3.44
51,Carballo,ES,2021-10-01 13:30:45,43.213,-8.691,66.9,91,100,3.67
52,Qaanaaq,GL,2021-10-01 13:30:45,77.484,-69.3632,30.13,95,100,11.88
53,Ormara,PK,2021-10-01 13:30:46,25.2088,64.6357,82.27,82,100,27.6
54,Lurgan,GB,2021-10-01 13:30:46,54.4608,-6.3294,55.6,72,21,21.23
55,Pisco,PE,2021-10-01 13:30:46,-13.7,-76.2167,64.45,82,40,4.61
56,Yellowknife,CA,2021-10-01 13:30:28,62.456,-114.3525,45.41,100,90,4.61
57,Manzanillo,CU,2021-10-01 13:30:47,20.3433,-77.1167,82.06,70,9,9.8
58,Butaritari,KI,2021-10-01 13:30:47,3.0707,172.7902,80.92,76,100,9.57
59,Barrow,US,2021-10-01 13:26:03,71.2906,-156.7887,28.42,86,90,11.5
60,Tarquinia,IT,2021-10-01 13:30:48,42.2482,11.7553,85.59,66,3,10.31
61,Sur,OM,2021-10-01 13:30:48,22.5667,59.5289,86.25,67,100,4.36
62,Dikson,RU,2021-10-01 13:30:48,73.5069,80.5464,32.05,77,100,19.69
63,Avarua,CK,2021-10-01 13:28:46,-21.2078,-159.775,75.25,83,40,5.75
64,Tuatapere,NZ,2021-10-01 13:30:49,-46.1333,167.6833,49.82,89,100,4.23
65,Sitka,US,2021-10-01 13:30:49,57.0531,-135.33,51.69,76,90,16.11
66,Petropavlovsk-Kamchatskiy,RU,2021-10-01 13:30:49,53.0452,158.6483,48.79,100,90,15.66
67,Lao Cai,VN,2021-10-01 13:30:50,22.4833,103.95,77.36,96,100,0.63
68,Saskylakh,RU,2021-10-01 13:30:50,71.9167,114.0833,16.48,97,88,3.02
69,Pevek,RU,2021-10-01 13:30:50,69.7008,170.3133,19.92,90,46,7.49
70,Anadyr,RU,2021-10-01 13:30:51,64.75,177.4833,12.7,92,0,4.47
71,Cockburn Town,TC,2021-10-01 13:30:51,21.4612,-71.1419,81.73,73,10,8.5
72,Gushikawa,JP,2021-10-01 13:30:51,26.3544,127.8686,80.6,86,1,0.0
73,Mackay,AU,2021-10-01 13:30:52,-21.15,149.2,71.58,88,95,6.91
74,Cooma,AU,2021-10-01 13:30:52,-36.2333,149.1333,44.37,100,75,3.44
75,East London,ZA,2021-10-01 13:30:52,-33.0153,27.9116,68.94,77,20,10.36
76,Manicore,BR,2021-10-01 13:30:53,-5.8092,-61.3003,88.03,54,100,3.2
77,Hermanus,ZA,2021-10-01 13:30:53,-34.4187,19.2345,67.89,82,100,10.56
78,Toma,BF,2021-10-01 13:30:53,12.7667,-2.8833,95.13,35,91,9.33
79,Banjar,ID,2021-10-01 13:30:54,-8.19,114.9675,76.91,86,52,7.0
80,Troitskoye,RU,2021-10-01 13:30:54,52.9821,84.6757,38.23,92,100,10.33
81,Salalah,OM,2021-10-01 13:30:54,17.0151,54.0924,82.49,83,90,12.66
82,Mount Isa,AU,2021-10-01 13:30:55,-20.7333,139.5,74.97,19,26,6.91
83,Carnarvon,AU,2021-10-01 13:30:55,-24.8667,113.6333,64.47,72,40,20.71
84,Te Anau,NZ,2021-10-01 13:30:55,-45.4167,167.7167,41.79,92,100,1.39
85,Awjilah,LY,2021-10-01 13:31:03,29.1081,21.2869,87.21,28,0,12.66
86,Ust-Kuyga,RU,2021-10-01 13:31:03,70.0167,135.6,13.42,84,9,2.1
87,Vaini,TO,2021-10-01 13:31:03,-21.2,-175.2,71.76,94,20,6.91
88,Bluff,NZ,2021-10-01 13:31:04,-46.6,168.3333,49.8,79,100,19.64
89,Puerto Ayora,EC,2021-10-01 13:31:04,-0.7393,-90.3518,70.63,86,94,8.86
90,La Asuncion,VE,2021-10-01 13:31:04,11.0333,-63.8628,83.75,73,100,10.6
91,Cherskiy,RU,2021-10-01 13:31:05,68.75,161.3,5.63,96,21,6.93
92,Castro,BR,2021-10-01 13:31:05,-24.7911,-50.0119,73.44,64,100,5.88
93,Balkanabat,TM,2021-10-01 13:31:05,39.5108,54.3671,66.58,34,13,12.84
94,Wau,SS,2021-10-01 13:31:06,7.7029,27.9953,93.24,39,60,2.44
95,Jamestown,US,2021-10-01 13:29:47,42.097,-79.2353,55.51,98,90,1.01
96,Neiafu,TO,2021-10-01 13:31:06,-18.65,-173.9833,75.88,78,20,9.22
97,New Norfolk,AU,2021-10-01 13:31:07,-42.7826,147.0587,56.75,77,100,1.7
98,Porto Novo,BJ,2021-10-01 13:31:07,6.4965,2.6036,78.62,66,88,8.9
99,Ostrovnoy,RU,2021-10-01 13:31:07,68.0531,39.5131,44.74,81,100,3.0
100,Alofi,NU,2021-10-01 13:31:08,-19.0595,-169.9187,71.49,88,86,6.91
101,Oriximina,BR,2021-10-01 13:26:55,-1.7656,-55.8661,86.72,58,14,4.45
102,Luganville,VU,2021-10-01 13:31:08,-15.5333,167.1667,75.76,90,100,9.37
103,Tasiilaq,GL,2021-10-01 13:31:08,65.6145,-37.6368,39.36,53,18,8.37
104,Ahipara,NZ,2021-10-01 13:31:09,-35.1667,173.1667,48.27,86,48,2.89
105,Grindavik,IS,2021-10-01 13:31:09,63.8424,-22.4338,46.35,81,75,20.71
106,Dourbali,TD,2021-10-01 13:31:09,11.8091,15.8632,99.91,14,54,3.85
107,Pundaguitan,PH,2021-10-01 13:31:10,6.3711,126.1689,84.2,73,100,6.2
108,Iqaluit,CA,2021-10-01 13:30:13,63.7506,-68.5145,28.13,93,20,0.0
109,San Patricio,US,2021-10-01 13:31:10,28.017,-97.5169,76.86,79,100,9.42
110,Maragogi,BR,2021-10-01 13:31:11,-9.0122,-35.2225,81.28,73,26,11.5
111,Saint George,US,2021-10-01 13:31:11,37.1041,-113.5841,54.19,39,1,1.01
112,Walvis Bay,NA,2021-10-01 13:28:20,-22.9575,14.5053,70.75,46,0,17.27
113,Rio Grande,BR,2021-10-01 13:31:11,-32.035,-52.0986,66.31,87,94,13.94
114,Gorom-Gorom,BF,2021-10-01 13:31:12,14.4439,-0.2361,98.24,27,35,7.05
115,Atuona,PF,2021-10-01 13:31:12,-9.8,-139.0333,77.7,72,69,20.74
116,Sumbe,AO,2021-10-01 13:31:12,-11.2061,13.8437,78.8,74,20,9.22
117,Ranong,TH,2021-10-01 13:31:13,9.9658,98.6348,78.73,87,52,7.16
118,Tremedal,BR,2021-10-01 13:31:13,-14.9758,-41.4108,89.56,30,0,8.01
119,Bubaque,GW,2021-10-01 13:31:13,11.2833,-15.8333,82.44,77,18,9.98
120,Wajir,KE,2021-10-01 13:31:14,1.7471,40.0573,89.19,38,100,20.85
121,Avera,US,2021-10-01 13:31:14,33.194,-82.5271,73.67,72,89,6.8
122,Upernavik,GL,2021-10-01 13:31:14,72.7868,-56.1549,34.83,72,97,26.64
123,Mount Gambier,AU,2021-10-01 13:31:15,-37.8333,140.7667,53.51,100,90,10.36
124,Bozoum,CF,2021-10-01 13:31:15,6.3193,16.3799,81.68,71,79,3.83
125,Abnub,EG,2021-10-01 13:31:15,27.2696,31.1511,91.62,23,0,17.2
126,Lorengau,PG,2021-10-01 13:31:16,-2.0226,147.2712,78.39,79,100,4.43
127,Rocha,UY,2021-10-01 13:31:16,-34.4833,-54.3333,65.73,72,0,15.21
128,Cabedelo,BR,2021-10-01 13:31:16,-6.9811,-34.8339,84.87,66,14,13.78
129,Saint-Pierre,RE,2021-10-01 13:26:56,-21.3393,55.4781,76.68,66,20,18.41
130,Verkhnevilyuysk,RU,2021-10-01 13:31:17,63.4453,120.3167,27.64,64,8,4.9
131,Cidreira,BR,2021-10-01 13:31:17,-30.1811,-50.2056,67.71,94,100,7.18
132,Hithadhoo,MV,2021-10-01 13:31:17,-0.6,73.0833,82.92,68,16,8.84
133,Bredasdorp,ZA,2021-10-01 13:31:18,-34.5322,20.0403,60.12,72,75,17.27
134,La Palma,US,2021-10-01 13:31:18,33.8464,-118.0467,76.03,69,1,0.0
135,Coari,BR,2021-10-01 13:31:19,-4.085,-63.1414,87.48,60,100,0.98
136,Verkhnyaya Inta,RU,2021-10-01 13:31:19,65.9811,60.3094,37.0,72,100,7.36
137,Tiksi,RU,2021-10-01 13:31:19,71.6872,128.8694,28.85,78,82,3.96
138,Kargasok,RU,2021-10-01 13:31:20,59.0556,80.8572,33.98,98,100,10.67
139,Praia Da Vitoria,PT,2021-10-01 13:31:20,38.7333,-27.0667,75.76,78,40,3.27
140,Piopio,NZ,2021-10-01 13:31:20,-38.4667,175.0167,47.95,87,99,1.3
141,Brae,GB,2021-10-01 13:31:21,60.3964,-1.353,55.31,89,84,17.4
142,Aklavik,CA,2021-10-01 13:31:21,68.2191,-135.0107,32.72,97,96,2.42
143,Saumur,FR,2021-10-01 13:31:21,47.3333,-0.25,60.82,89,100,12.73
144,Kenai,US,2021-10-01 13:31:22,60.5544,-151.2583,42.15,63,75,12.66
145,Sao Filipe,CV,2021-10-01 13:31:22,14.8961,-24.4956,79.59,73,64,6.58
146,Vostok,RU,2021-10-01 13:31:23,46.4856,135.8833,38.34,79,6,2.51
147,Guerrero Negro,MX,2021-10-01 13:31:23,27.9769,-114.0611,67.32,88,0,4.83
148,Dunmore Town,BS,2021-10-01 13:31:23,25.5,-76.65,82.74,63,65,16.42
149,Tahta,EG,2021-10-01 13:31:24,26.7693,31.5021,91.72,20,0,17.63
150,Drovyanaya,RU,2021-10-01 13:31:24,51.5833,113.0333,31.51,69,19,1.97
151,Tateyama,JP,2021-10-01 13:31:24,34.9833,139.8667,70.11,78,70,21.36
152,Inirida,CO,2021-10-01 13:31:25,3.8653,-67.9239,80.35,81,98,1.99
153,Tuzha,RU,2021-10-01 13:31:25,57.6062,47.936,49.14,74,89,4.79
154,Acapulco,MX,2021-10-01 13:31:25,16.8634,-99.8901,78.62,83,40,6.91
155,Lata,PT,2021-10-01 13:31:25,40.1629,-8.3327,78.49,47,100,9.01
156,Ambon,ID,2021-10-01 13:31:26,-3.6954,128.1814,78.94,89,40,5.75
157,Finschhafen,PG,2021-10-01 13:31:26,-6.6024,147.8681,78.89,84,100,11.07
158,Ampanihy,MG,2021-10-01 13:31:26,-24.7,44.75,85.64,40,19,14.63
159,Palampur,IN,2021-10-01 13:31:27,32.1167,76.5333,69.06,86,45,1.63
160,Victoria,HK,2021-10-01 13:27:57,22.2855,114.1577,86.38,81,0,5.99
161,Chara,RU,2021-10-01 13:31:27,56.9064,118.2631,28.24,72,82,2.06
162,Pimentel,PE,2021-10-01 13:31:28,-6.8367,-79.9342,62.89,82,75,10.36
163,Gat,IL,2021-10-01 13:28:03,31.61,34.7642,86.4,100,0,14.79
164,Deputatskiy,RU,2021-10-01 13:31:28,69.3,139.9,9.36,90,17,1.12
165,Juneau,US,2021-10-01 13:30:24,58.3019,-134.4197,46.4,93,90,1.99
166,Yulara,AU,2021-10-01 13:31:29,-25.2406,130.9889,76.84,18,3,11.5
167,Yzeure,FR,2021-10-01 13:31:29,46.5644,3.355,72.21,38,100,2.44
168,Hamilton,US,2021-10-01 13:28:06,39.1834,-84.5333,62.73,85,1,3.44
169,Nchelenge,ZM,2021-10-01 13:31:29,-9.3451,28.734,85.55,42,43,5.32
170,Cortes,ES,2021-10-01 13:31:30,41.9395,-1.4396,77.61,37,95,3.24
171,Aksay,RU,2021-10-01 13:31:30,47.26,39.87,57.43,28,0,15.01
172,Sao Joao Da Barra,BR,2021-10-01 13:31:31,-21.6403,-41.0511,78.89,77,77,10.67
173,Jardim,BR,2021-10-01 13:31:31,-21.4803,-56.1381,101.35,24,9,9.53
174,Lebu,CL,2021-10-01 13:31:31,-37.6167,-73.65,54.28,75,97,12.64
175,Codrington,AU,2021-10-01 13:31:32,-38.2667,141.9667,54.64,90,95,10.25
176,Bonoua,CI,2021-10-01 13:31:32,5.2741,-3.595,80.22,65,79,7.61
177,Bethanien,NA,2021-10-01 13:31:32,-26.502,17.1583,75.58,8,0,14.12
178,Mar Del Plata,AR,2021-10-01 13:29:56,-38.0023,-57.5575,62.62,63,0,5.01
179,Makakilo City,US,2021-10-01 13:29:07,21.3469,-158.0858,75.56,77,20,4.61
180,Bansgaon,IN,2021-10-01 13:31:33,26.5586,83.3481,76.51,91,100,5.77
181,Fairbanks,US,2021-10-01 13:28:38,64.8378,-147.7164,32.22,83,20,0.0
182,Beringovskiy,RU,2021-10-01 13:31:33,63.05,179.3167,23.76,80,19,10.89
183,San Cristobal,VE,2021-10-01 13:31:18,7.7669,-72.225,69.98,50,79,3.85
184,Kemijarvi,FI,2021-10-01 13:31:34,66.7131,27.4306,44.65,78,100,8.3
185,Ous,RU,2021-10-01 13:31:34,60.9058,61.5186,35.19,69,44,1.79
186,Provideniya,RU,2021-10-01 13:31:35,64.3833,-173.3,23.7,83,25,9.22
187,Qasigiannguit,GL,2021-10-01 13:31:35,68.8193,-51.1922,28.65,68,86,4.43
188,Romitan,UZ,2021-10-01 13:31:35,39.9343,64.3814,62.55,34,0,16.11
189,Noumea,NC,2021-10-01 13:31:35,-22.2763,166.4572,73.38,86,99,10.47
190,Karratha,AU,2021-10-01 13:31:36,-20.7377,116.8463,74.59,63,3,22.91
191,Coos Bay,US,2021-10-01 13:30:25,43.3665,-124.2179,57.85,97,1,4.61
192,Kabare,CD,2021-10-01 13:31:36,-2.4683,28.8242,72.97,67,99,1.7
193,Jumla,NP,2021-10-01 13:29:07,29.2747,82.1838,60.37,95,100,3.29
194,Alugan,PH,2021-10-01 13:31:37,12.2188,125.4808,78.62,85,100,3.24
195,Nelson Bay,AU,2021-10-01 13:30:03,-32.7167,152.15,60.01,90,100,8.39
196,Gao,ML,2021-10-01 13:31:37,16.6362,1.637,103.5,7,20,12.39
197,Nalut,LY,2021-10-01 13:31:37,30.3333,10.85,84.16,23,0,10.4
198,Maldonado,UY,2021-10-01 13:31:38,-34.6667,-54.9167,61.99,77,62,14.27
199,Padang,ID,2021-10-01 13:30:11,-0.9492,100.3543,77.05,81,100,3.4
200,Taltal,CL,2021-10-01 13:30:20,-25.4,-70.4833,64.13,62,0,5.28
201,Nassau,US,2021-10-01 13:31:33,40.7507,-73.5829,60.78,68,1,3.0
202,Souillac,MU,2021-10-01 13:31:38,-20.5167,57.5167,74.35,68,40,12.66
203,Uvat,RU,2021-10-01 13:31:39,59.1433,68.8953,35.47,85,100,9.98
204,San Buenaventura,MX,2021-10-01 13:31:39,27.0833,-101.5333,65.32,88,90,13.8
205,Kawalu,ID,2021-10-01 13:31:39,-7.3817,108.2082,71.78,89,100,1.63
206,Coihaique,CL,2021-10-01 13:31:40,-45.5752,-72.0662,41.61,65,90,4.61
207,Zhigansk,RU,2021-10-01 13:31:40,66.7697,123.3711,31.68,66,6,10.63
208,Praya,CV,2021-10-01 13:31:40,14.9215,-23.5087,86.54,54,20,16.11
209,Havelock,US,2021-10-01 13:31:41,34.8791,-76.9013,75.15,86,58,4.0
210,Key West,US,2021-10-01 13:30:47,24.5557,-81.7826,86.0,68,1,10.36
211,Los Llanos De Aridane,ES,2021-10-01 13:31:41,28.6585,-17.9182,77.13,76,20,16.11
212,Broken Hill,AU,2021-10-01 13:31:41,-31.95,141.4333,53.31,76,4,8.05
213,Nusaybin,TR,2021-10-01 13:31:42,37.0778,41.2178,86.54,22,6,6.89
214,Slavyanka,RU,2021-10-01 13:31:42,42.8633,131.3847,54.64,65,6,6.8
215,Eenhana,NA,2021-10-01 13:31:42,-17.4667,16.3333,89.35,9,1,11.77
216,Thompson,CA,2021-10-01 13:31:43,55.7435,-97.8558,33.96,100,20,2.3
217,Merzig,DE,2021-10-01 13:31:43,49.45,6.6333,67.5,43,100,8.99
218,Lasa,IT,2021-10-01 13:31:43,46.6166,10.7002,67.91,62,44,4.85
219,Karpogory,RU,2021-10-01 13:31:44,64.0019,44.4451,44.42,92,100,4.25
220,Asfi,MA,2021-10-01 13:31:44,32.2994,-9.2372,81.46,54,0,21.81
221,Manggar,ID,2021-10-01 13:31:44,-2.8833,108.2667,75.56,85,100,2.17
222,Hibbing,US,2021-10-01 13:31:45,47.4272,-92.9377,60.58,94,90,0.0
223,Kaitangata,NZ,2021-10-01 13:31:45,-46.2817,169.8464,50.94,69,100,6.76
224,Aksarka,RU,2021-10-01 13:31:45,66.5606,67.7975,35.38,79,100,15.26
225,Margate,GB,2021-10-01 13:31:46,51.3813,1.3862,62.96,86,100,3.0
226,Batemans Bay,AU,2021-10-01 13:30:23,-35.7167,150.1833,56.19,87,93,5.55
227,Chuy,UY,2021-10-01 13:31:46,-33.6971,-53.4616,65.39,75,41,12.08
228,Raudeberg,NO,2021-10-01 13:31:46,61.9875,5.1352,61.2,68,83,3.0
229,Wuzhou,CN,2021-10-01 13:31:47,23.4833,111.3167,82.78,68,47,2.28
230,Nikolskoye,RU,2021-10-01 13:31:47,59.7035,30.7861,55.29,69,98,4.03
231,Fare,PF,2021-10-01 13:31:47,-16.7,-151.0167,78.8,71,6,19.01
232,Mecca,SA,2021-10-01 13:26:50,21.4267,39.8261,98.96,26,8,15.97
233,Myski,RU,2021-10-01 13:31:48,53.709,87.8014,37.27,98,100,7.76
234,Mandalgovi,MN,2021-10-01 13:30:27,45.7625,106.2708,46.18,53,100,9.44
235,Charters Towers,AU,2021-10-01 13:31:48,-20.1,146.2667,68.36,85,57,3.69
236,Tome,CL,2021-10-01 13:31:49,-36.6167,-72.95,50.61,69,100,4.34
237,Bjornevatn,NO,2021-10-01 13:31:49,69.6672,29.9847,47.82,71,75,12.66
238,Nabire,ID,2021-10-01 13:31:49,-3.3667,135.4833,76.96,91,97,1.57
239,Palembang,ID,2021-10-01 13:31:50,-2.9167,104.7458,74.19,95,100,2.19
240,Lavrentiya,RU,2021-10-01 13:31:50,65.5833,-171.0,26.71,84,88,11.59
241,Acajutla,SV,2021-10-01 13:31:50,13.5928,-89.8275,80.94,77,0,3.18
242,Coquimbo,CL,2021-10-01 13:31:51,-29.9533,-71.3436,56.93,82,0,6.91
243,Sola,VU,2021-10-01 13:31:51,-13.8833,167.55,79.39,78,98,19.6
244,Kedrovyy,RU,2021-10-01 13:31:51,56.1667,91.8167,36.01,97,100,8.77
245,Nantucket,US,2021-10-01 13:28:56,41.2835,-70.0995,62.71,66,40,11.5
246,Kayerkan,RU,2021-10-01 13:31:52,69.3497,87.7602,28.49,96,100,7.92
247,Shieli,KZ,2021-10-01 13:31:52,44.1667,66.75,50.38,36,100,8.46
248,Fernley,US,2021-10-01 13:27:29,39.608,-119.2518,52.3,23,100,1.97
249,Villahermosa,MX,2021-10-01 13:31:52,17.9833,-92.9167,80.02,86,40,3.44
250,Clovis,US,2021-10-01 13:27:04,36.8252,-119.7029,67.66,52,75,0.0
251,Ekibastuz,KZ,2021-10-01 13:31:53,51.6667,75.3667,41.86,63,100,16.4
252,Severo-Kurilsk,RU,2021-10-01 13:31:53,50.6789,156.125,49.8,96,100,15.05
253,Constitucion,CL,2021-10-01 13:31:23,-35.3333,-72.4167,56.19,52,29,4.65
254,Hambantota,LK,2021-10-01 13:31:54,6.1241,81.1185,73.74,100,40,4.61
255,Taksimo,RU,2021-10-01 13:31:54,56.3444,114.8794,30.36,70,1,0.78
256,Faanui,PF,2021-10-01 13:31:54,-16.4833,-151.75,79.07,68,59,18.45
257,Shimoda,JP,2021-10-01 13:31:55,34.6667,138.95,65.1,83,43,5.03
258,Flinders,AU,2021-10-01 13:31:55,-34.5833,150.8552,58.28,87,47,1.01
259,Tumut,AU,2021-10-01 13:31:55,-35.3,148.2167,56.39,97,100,1.74
260,Norman Wells,CA,2021-10-01 13:31:56,65.282,-126.8329,32.04,93,40,3.44
261,Storsteinnes,NO,2021-10-01 13:31:56,69.2408,19.2344,54.79,66,47,6.24
262,Fredericksburg,US,2021-10-01 13:31:56,38.3032,-77.4605,63.21,83,1,3.44
263,Port Augusta,AU,2021-10-01 13:31:57,-32.5,137.7667,55.54,92,79,7.11
264,Piacabucu,BR,2021-10-01 13:31:57,-10.4056,-36.4344,83.25,67,30,14.2
265,Pedernales,DO,2021-10-01 13:31:58,18.0384,-71.744,83.34,67,9,2.91
266,Puerto Madero,MX,2021-10-01 13:31:59,14.7208,-92.4215,77.2,100,75,0.0
267,Laguna,US,2021-10-01 13:28:29,38.421,-121.4238,68.5,63,1,0.0
268,Naryan-Mar,RU,2021-10-01 13:31:59,67.6713,53.087,36.52,78,9,5.99
269,Puerto Wilches,CO,2021-10-01 13:32:00,7.3483,-73.896,82.18,68,41,2.24
270,Georgetown,MY,2021-10-01 13:28:49,5.4112,100.3354,82.33,73,40,1.01
271,Quatre Cocos,MU,2021-10-01 13:32:00,-20.2078,57.7625,74.08,67,93,12.59
272,Byron Bay,AU,2021-10-01 13:29:07,-28.65,153.6167,58.95,89,100,8.88
273,Harindanga,IN,2021-10-01 13:32:01,22.0383,88.3214,87.78,86,67,6.53
274,Faya,SA,2021-10-01 13:32:01,18.3851,42.4509,77.11,50,100,10.2
275,Chokurdakh,RU,2021-10-01 13:32:01,70.6333,147.9167,9.72,93,15,5.91
276,Kafanchan,NG,2021-10-01 13:32:02,9.5833,8.3,81.39,68,97,2.57
277,Vila Franca Do Campo,PT,2021-10-01 13:32:02,37.7167,-25.4333,73.81,72,49,2.13
278,Nishihara,JP,2021-10-01 13:32:03,26.1842,127.7558,80.65,81,20,4.61
279,Emerald,AU,2021-10-01 13:32:03,-23.5333,148.1667,71.74,34,99,5.75
280,Sosnovo-Ozerskoye,RU,2021-10-01 13:32:03,52.5249,111.5418,28.36,70,4,1.7
281,Sistranda,NO,2021-10-01 13:32:04,63.7256,8.834,60.76,67,73,5.3
282,Asau,RO,2021-10-01 13:32:04,46.4333,26.4,64.76,35,71,5.44
283,Makokou,GA,2021-10-01 13:32:04,0.5738,12.8642,84.54,70,75,3.62
284,Labuhan,ID,2021-10-01 13:32:05,-6.8844,112.2051,81.97,67,100,4.5
285,Japura,ID,2021-10-01 13:32:05,-0.3167,102.35,73.99,98,100,3.29
286,Balgazyn,RU,2021-10-01 13:32:05,51.0,95.2,38.84,97,100,11.74
287,Yerbogachen,RU,2021-10-01 13:32:06,61.2767,108.0108,36.28,65,99,3.85
288,Navahrudak,BY,2021-10-01 13:32:06,53.6,25.8333,48.81,70,100,9.57
289,Martapura,ID,2021-10-01 13:30:13,-3.4167,114.85,77.09,100,92,3.44
290,Talnakh,RU,2021-10-01 13:32:06,69.4865,88.3972,25.75,94,99,2.1
291,Russell,US,2021-10-01 13:32:07,32.3502,-85.1999,75.96,87,1,0.0
292,Banda Aceh,ID,2021-10-01 13:32:07,5.5577,95.3222,78.46,74,100,5.44
293,Kazachka,RU,2021-10-01 13:32:07,53.3644,38.0694,51.85,62,16,0.29
294,Hualmay,PE,2021-10-01 13:32:08,-11.0964,-77.6139,66.54,78,34,9.37
295,Nueve De Julio,AR,2021-10-01 13:32:08,-35.4444,-60.8831,62.71,43,0,7.83
296,Bilibino,RU,2021-10-01 13:32:09,68.0546,166.4372,-4.61,99,28,5.06
297,Bad Reichenhall,DE,2021-10-01 13:32:09,47.7333,12.8833,70.59,53,0,3.44
298,Kodiak,US,2021-10-01 13:32:09,57.79,-152.4072,39.0,80,100,13.62
299,Merida,MX,2021-10-01 13:30:30,20.9667,-89.6167,80.02,89,75,11.5
300,Okhotsk,RU,2021-10-01 13:32:10,59.3833,143.3,36.27,96,100,5.55
301,Lagoa,PT,2021-10-01 13:32:10,39.05,-27.9833,71.33,84,70,11.1
302,Klaksvik,FO,2021-10-01 13:32:11,62.2266,-6.589,54.52,79,46,16.08
303,Nemuro,JP,2021-10-01 13:32:11,43.3236,145.575,58.69,97,100,14.61
304,Bhatapara,IN,2021-10-01 13:32:11,21.7333,81.9333,82.94,70,56,2.55
305,Yanam,IN,2021-10-01 13:32:12,16.7333,82.2167,90.0,85,0,3.8
306,Qui Nhon,VN,2021-10-01 13:28:05,13.7667,109.2333,80.62,82,26,1.61
307,Plettenberg Bay,ZA,2021-10-01 13:32:12,-34.0527,23.3716,60.93,89,72,8.95
308,Aksu,CN,2021-10-01 13:32:12,41.1231,80.2644,73.4,17,1,8.5
309,Jalu,LY,2021-10-01 13:32:13,29.0331,21.5482,87.3,28,0,12.08
310,Xining,CN,2021-10-01 13:32:13,36.6167,101.7667,57.83,39,19,2.17
311,Zhanakorgan,KZ,2021-10-01 13:32:14,43.9098,67.2495,52.0,34,100,12.08
312,Ambulu,ID,2021-10-01 13:32:14,-8.345,113.6058,74.61,85,100,1.7
313,Smithers,CA,2021-10-01 13:32:14,54.7804,-127.1743,39.52,100,90,0.0
314,Awbari,LY,2021-10-01 13:32:15,26.5921,12.7805,86.49,23,3,10.78
315,Monrovia,LR,2021-10-01 13:30:06,6.3005,-10.7969,89.37,70,20,10.2
316,Havre-Saint-Pierre,CA,2021-10-01 13:32:15,50.2334,-63.5986,50.59,100,90,19.57
317,Rosetown,CA,2021-10-01 13:28:35,51.5501,-108.0014,46.38,53,15,9.22
318,Robertsport,LR,2021-10-01 13:32:16,6.7533,-11.3686,81.73,75,68,9.6
319,El Castillo,MX,2021-10-01 13:32:16,19.5333,-96.85,67.75,86,100,1.54
320,Calabozo,VE,2021-10-01 13:32:17,8.9242,-67.4293,78.6,81,84,5.19
321,Adelaide,AU,2021-10-01 13:30:03,-34.9333,138.6,56.19,78,75,3.0
322,Sapa,PH,2021-10-01 13:32:17,5.1544,120.3241,82.81,74,84,4.41
323,Kathu,TH,2021-10-01 13:32:17,7.9178,98.3332,84.69,91,84,5.28
324,Hammerfest,NO,2021-10-01 13:32:18,70.6634,23.6821,50.45,62,0,10.36
325,Sal Rei,CV,2021-10-01 13:32:18,16.1833,-22.9167,84.4,58,40,16.11
326,Kieta,PG,2021-10-01 13:32:19,-6.2167,155.6333,77.97,81,88,2.33
327,Sisimiut,GL,2021-10-01 13:32:19,66.9395,-53.6735,36.79,53,100,8.52
328,Francisco Sa,BR,2021-10-01 13:32:19,-16.4758,-43.4883,84.34,26,0,8.97
329,Wuda,CN,2021-10-01 13:32:20,39.4994,106.7117,68.13,22,4,2.93
330,Richards Bay,ZA,2021-10-01 13:32:20,-28.783,32.0377,78.1,58,100,12.01
331,Tuktoyaktuk,CA,2021-10-01 13:32:20,69.4541,-133.0374,32.0,93,75,10.36
332,Bondo,CD,2021-10-01 13:32:21,3.8146,23.6866,86.14,57,98,2.42
333,Luau,AO,2021-10-01 13:32:21,-10.7073,22.2247,91.6,27,34,5.03
334,Katsuura,JP,2021-10-01 13:32:21,35.1333,140.3,70.2,77,96,24.49
335,Mandan,US,2021-10-01 13:32:22,46.8267,-100.8896,56.57,81,90,1.01
336,Ilebo,CD,2021-10-01 13:32:22,-4.3167,20.5833,89.98,42,78,3.6
337,Belyy Yar,RU,2021-10-01 13:32:22,53.6039,91.3903,42.69,75,40,6.71
338,San Ramon De La Nueva Oran,AR,2021-10-01 13:32:23,-23.1322,-64.326,82.38,51,67,8.84
339,Ochakiv,UA,2021-10-01 13:32:23,46.6128,31.5498,60.98,40,3,16.73
340,Kavaratti,IN,2021-10-01 13:32:23,10.5669,72.642,82.22,80,31,14.67
341,Pompeia,BR,2021-10-01 13:32:24,-22.1086,-50.1717,80.8,41,71,2.8
342,Kruisfontein,ZA,2021-10-01 13:32:24,-34.0033,24.7314,60.89,74,4,15.23
343,Nobeoka,JP,2021-10-01 13:32:27,32.5833,131.6667,64.76,73,0,5.82
344,Biak,ID,2021-10-01 13:32:28,-0.9131,122.8766,75.47,90,100,5.12
345,Geraldton,AU,2021-10-01 13:31:26,-28.7667,114.6,61.21,63,75,17.27
346,Shingu,JP,2021-10-01 13:32:28,33.7333,135.9833,68.0,75,0,9.31
347,Altay,CN,2021-10-01 13:32:28,47.8667,88.1167,37.63,69,39,5.01
348,Linfen,CN,2021-10-01 13:32:29,36.0889,111.5189,73.22,65,0,4.74
349,Sinop,TR,2021-10-01 13:32:29,41.7711,34.8709,54.03,78,66,5.5
350,Cayenne,GF,2021-10-01 13:32:29,4.9333,-52.3333,89.1,70,75,1.99
351,Stokmarknes,NO,2021-10-01 13:32:30,68.5646,14.9108,55.49,58,40,5.75
352,Campos Sales,BR,2021-10-01 13:32:30,-7.0744,-40.3761,92.53,30,25,8.05
353,Isangel,VU,2021-10-01 13:32:30,-19.55,169.2667,75.15,87,100,17.47
354,Igarka,RU,2021-10-01 13:32:31,67.4667,86.5833,33.31,100,100,5.79
355,Fort Saint James,CA,2021-10-01 13:32:31,54.4333,-124.25,35.94,94,14,4.65
356,Ojinaga,MX,2021-10-01 13:32:31,29.5667,-104.4167,65.57,72,40,0.0
357,Lenti,HU,2021-10-01 13:32:32,46.624,16.5386,65.95,43,26,7.29
358,Hami,CN,2021-10-01 13:32:32,42.8,93.45,70.2,26,64,12.12
359,Tessalit,ML,2021-10-01 13:32:32,20.1986,1.0114,101.3,7,100,16.17
360,Caravelas,BR,2021-10-01 13:32:33,-17.7125,-39.2481,84.74,53,3,11.03
361,Vila,PT,2021-10-01 13:32:33,42.0304,-8.1588,65.7,62,97,5.77
362,Gunjur,GM,2021-10-01 13:32:33,13.2019,-16.7339,87.87,70,40,4.61
363,Camopi,GF,2021-10-01 13:32:34,3.1655,-52.3158,90.0,47,61,4.61
364,Huarmey,PE,2021-10-01 13:32:34,-10.0681,-78.1522,67.23,80,31,7.67
365,Shelburne,CA,2021-10-01 13:32:34,44.0787,-80.2041,52.25,94,73,2.01
366,Gamba,GA,2021-10-01 13:32:35,-2.65,10.0,77.74,79,98,9.48
367,Yining,CN,2021-10-01 13:32:35,29.0361,114.5636,71.73,74,0,2.28
368,Amberley,US,2021-10-01 13:32:35,39.2048,-84.428,63.05,83,1,1.99
369,Mont-De-Marsan,FR,2021-10-01 13:32:36,44.0,-0.6667,74.62,73,0,9.22
370,Srednekolymsk,RU,2021-10-01 13:32:36,67.45,153.6833,21.09,75,100,9.08
371,Mutsu,JP,2021-10-01 13:32:37,41.2894,141.2169,64.0,89,100,10.2
372,Salamiyah,SY,2021-10-01 13:32:37,35.0113,37.0532,85.24,24,0,7.7
373,Leningradskiy,RU,2021-10-01 13:32:37,69.3833,178.4167,21.4,95,100,7.16
374,Sawtell,AU,2021-10-01 13:32:38,-30.3833,153.1,62.62,82,40,5.75
375,Cabo Rojo,PR,2021-10-01 13:32:38,18.0866,-67.1457,87.73,69,3,1.99
376,San Jose,US,2021-10-01 13:28:23,37.3394,-121.895,65.82,44,1,0.0
377,Shahreza,IR,2021-10-01 13:32:38,32.0339,51.8794,79.5,14,4,12.3
378,Karnobat,BG,2021-10-01 13:32:39,42.65,26.9833,66.58,54,100,14.43
379,Methoni,GR,2021-10-01 13:32:39,36.8197,21.7049,78.66,53,14,5.39
380,Kaeo,NZ,2021-10-01 13:32:39,-35.1,173.7833,48.33,90,93,4.18
381,Semey,KZ,2021-10-01 13:32:40,50.4111,80.2275,43.02,70,75,11.18
382,Marang,MY,2021-10-01 13:32:40,5.2056,103.2059,84.11,84,100,7.76
383,Yumen,CN,2021-10-01 13:32:40,40.2833,97.2,67.35,16,70,4.5
384,Gombong,ID,2021-10-01 13:32:41,-7.6072,109.5142,80.1,85,100,3.53
385,Antofagasta,CL,2021-10-01 13:31:38,-23.65,-70.4,60.08,67,37,9.98
386,Wenceslau Braz,BR,2021-10-01 13:32:41,-23.8739,-49.8028,77.04,49,91,6.11
387,Araouane,ML,2021-10-01 13:32:41,18.9048,-3.5265,101.16,15,85,4.18
388,The Valley,AI,2021-10-01 13:32:42,18.217,-63.0578,88.11,74,20,11.5
389,Upata,VE,2021-10-01 13:32:42,8.0086,-62.3989,81.19,57,51,7.94
390,Acarau,BR,2021-10-01 13:32:42,-2.8856,-40.12,88.43,56,30,17.22
391,Ambunti,PG,2021-10-01 13:32:43,-4.2365,142.8448,73.87,99,100,2.59
392,Puerto Escondido,MX,2021-10-01 13:32:43,15.85,-97.0667,76.03,73,75,8.05
393,Korem,ET,2021-10-01 13:32:43,12.5058,39.5228,67.3,43,100,8.7
394,Port-Cartier,CA,2021-10-01 13:32:43,50.0334,-66.8654,46.74,89,100,13.35
395,Kamaishi,JP,2021-10-01 13:32:44,39.2667,141.8833,61.5,94,100,15.52
396,Evanston,US,2021-10-01 13:32:44,42.0411,-87.6901,67.28,72,1,1.01
397,Bandarbeyla,SO,2021-10-01 13:32:45,9.4942,50.8122,80.87,75,70,29.64
398,Bonthe,SL,2021-10-01 13:32:45,7.5264,-12.505,84.31,71,76,9.48
399,Muros,ES,2021-10-01 13:32:45,42.7762,-9.0603,67.98,91,100,5.41
400,Fuerte,PH,2021-10-01 13:32:46,17.5381,120.3644,81.37,84,42,7.2
401,Vieira De Leiria,PT,2021-10-01 13:32:46,39.8695,-8.9324,80.42,73,20,12.66
402,Mopti,ML,2021-10-01 13:32:46,14.6667,-4.0,98.71,25,53,2.62
403,Lewiston,US,2021-10-01 13:32:47,44.1003,-70.2148,55.89,86,1,5.75
404,College,US,2021-10-01 13:29:47,64.8569,-147.8028,32.2,83,40,5.75
405,Luderitz,NA,2021-10-01 13:32:47,-26.6481,15.1594,63.43,63,0,17.63
406,Tura,IN,2021-10-01 13:32:48,25.5198,90.2201,76.3,86,58,1.25
407,Hede,CN,2021-10-01 13:32:48,33.7681,120.2517,69.73,80,70,6.38
408,Greenville,US,2021-10-01 13:30:10,35.6127,-77.3663,66.94,93,1,0.0
409,Khandyga,RU,2021-10-01 13:32:48,62.6667,135.6,34.86,66,100,3.27
410,Hovd,MN,2021-10-01 13:32:49,48.0056,91.6419,41.05,30,0,20.29
411,Saint-Augustin,CA,2021-10-01 13:32:49,51.226,-58.6502,45.19,92,100,23.91
412,Shupiyan,IN,2021-10-01 13:32:49,33.7167,74.8333,59.88,80,8,6.53
413,Longyearbyen,SJ,2021-10-01 13:32:50,78.2186,15.6401,39.04,75,75,8.05
414,Maniitsoq,GL,2021-10-01 13:32:50,65.4167,-52.9,37.98,55,87,3.98
415,De-Kastri,RU,2021-10-01 13:32:50,51.4667,140.7833,44.98,60,0,5.23
416,Santa Catalina,PH,2021-10-01 13:32:51,9.3337,122.8637,78.67,87,100,6.53
417,Fukue,JP,2021-10-01 13:32:51,32.6881,128.8419,75.06,72,0,13.62
418,Sturgis,US,2021-10-01 13:32:51,41.7992,-85.4192,59.9,44,1,6.91
419,Duliagaon,IN,2021-10-01 13:32:52,27.3667,95.3167,77.74,91,0,2.84
420,Sao Paulo De Olivenca,BR,2021-10-01 13:32:52,-3.3783,-68.8725,85.66,64,100,1.32
421,Itarema,BR,2021-10-01 13:32:52,-2.9248,-39.9167,88.59,54,31,17.02
422,Pangnirtung,CA,2021-10-01 13:32:53,66.1451,-65.7125,26.6,93,20,0.0
423,Morant Bay,JM,2021-10-01 13:32:53,17.8815,-76.4093,82.02,68,12,7.85
424,Basco,PH,2021-10-01 13:32:53,20.4487,121.9702,83.73,77,44,13.22
425,Amapa,BR,2021-10-01 13:32:54,1.0,-52.0,90.25,48,31,4.0
426,Kristiinankaupunki,FI,2021-10-01 13:32:54,62.2743,21.376,53.98,76,82,20.07
427,Resistencia,AR,2021-10-01 13:30:59,-27.4606,-58.9839,71.1,84,90,17.27
428,Masumbwe,TZ,2021-10-01 13:32:54,-3.6333,32.1833,90.43,21,96,5.06
429,Port Lincoln,AU,2021-10-01 13:32:55,-34.7333,135.8667,53.8,88,29,10.2
430,Mao,ES,2021-10-01 13:32:55,39.8885,4.2658,73.96,68,75,5.75
431,Lishui,CN,2021-10-01 13:32:56,28.4604,119.9103,73.94,93,11,3.11
432,Seddon,AU,2021-10-01 13:32:56,-37.8068,144.8916,57.96,94,90,3.0
433,Canutama,BR,2021-10-01 13:32:56,-6.5339,-64.3831,89.15,54,100,2.8
434,Astoria,US,2021-10-01 13:30:07,46.1879,-123.8313,51.85,97,90,3.44
435,Kaabong,UG,2021-10-01 13:32:57,3.4836,34.1492,77.52,48,100,9.33
436,Korla,CN,2021-10-01 13:32:57,41.7597,86.1469,73.18,17,0,5.64
437,Richmond,US,2021-10-01 13:32:57,37.5538,-77.4603,63.95,83,40,5.01
438,Huilong,CN,2021-10-01 13:32:57,31.8111,121.655,76.93,74,4,8.12
439,San Ramon,US,2021-10-01 13:32:58,37.7799,-121.978,63.75,55,1,0.0
440,Inhambane,MZ,2021-10-01 13:32:58,-23.865,35.3833,84.18,58,20,11.5
441,Umm Kaddadah,SD,2021-10-01 13:32:58,13.6017,26.6876,97.03,11,1,6.69
442,Myitkyina,MM,2021-10-01 13:32:59,25.3833,97.4,80.1,79,28,0.29
443,Nyurba,RU,2021-10-01 13:32:59,63.2842,118.3319,28.72,65,9,4.38
444,Koutiala,ML,2021-10-01 13:32:59,12.3917,-5.4642,83.03,60,64,9.78
445,Bollnas,SE,2021-10-01 13:33:00,61.3482,16.3946,51.13,98,100,11.39
446,Calamar,CO,2021-10-01 13:33:00,10.2511,-74.9146,82.35,80,95,7.52
447,Unguia,CO,2021-10-01 13:33:01,8.0434,-77.0945,79.79,88,71,1.79
448,Kutum,SD,2021-10-01 13:33:01,14.2,24.6667,88.88,14,1,3.18
449,Kibala,TD,2021-10-01 13:33:01,9.1104,18.3463,94.95,52,40,11.5
450,Ust-Nera,RU,2021-10-01 13:33:02,64.5667,143.2,28.09,95,100,4.45
451,Ayan,RU,2021-10-01 13:33:02,56.45,138.1667,44.2,71,7,4.43
452,Kirksville,US,2021-10-01 13:31:16,40.1948,-92.5833,62.78,100,40,8.05
453,Palanga,LT,2021-10-01 13:33:03,55.9175,21.0686,58.95,63,3,9.82
454,Muli,MV,2021-10-01 13:33:03,2.9167,73.5667,82.99,72,100,10.2
455,Talcahuano,CL,2021-10-01 13:33:03,-36.7167,-73.1167,51.48,87,75,2.3
456,Bowen,AU,2021-10-01 13:33:04,-20.0167,148.2333,68.22,88,5,5.53
457,Sobolevo,RU,2021-10-01 13:33:04,54.4299,31.8996,52.7,63,35,4.99
458,Ban Nahin,LA,2021-10-01 13:33:05,18.2418,104.2122,76.3,95,75,2.28
459,Manavalakurichi,IN,2021-10-01 13:33:05,8.1333,77.3,80.69,90,100,5.55
460,Sioux Lookout,CA,2021-10-01 13:33:06,50.1001,-91.917,61.18,100,75,0.0
461,Ponta Delgada,PT,2021-10-01 13:33:06,37.7333,-25.6667,74.12,78,20,8.05
462,La Romana,DO,2021-10-01 13:30:10,18.4273,-68.9728,85.73,78,20,0.0
463,Bow Island,CA,2021-10-01 13:33:07,49.8668,-111.3684,55.58,73,75,4.61
464,Poyarkovo,RU,2021-10-01 13:33:07,49.6,128.6833,39.0,64,65,3.8
465,Taganak,PH,2021-10-01 13:33:07,6.0833,118.3,82.54,69,74,3.04
466,Mezhdurechensk,RU,2021-10-01 13:33:08,53.6942,88.0603,37.08,98,100,7.36
467,Saldanha,ZA,2021-10-01 13:33:08,-33.0117,17.9442,66.25,81,0,30.22
468,Aquiraz,BR,2021-10-01 13:33:08,-3.9014,-38.3911,87.22,57,57,14.65
469,Dengzhou,CN,2021-10-01 13:33:09,37.8086,120.7508,65.46,81,50,7.45
470,Namasuba,UG,2021-10-01 13:33:09,0.6894,32.4214,79.77,50,68,3.67
471,Juegang,CN,2021-10-01 13:33:09,32.3174,121.1855,76.91,76,20,7.99
472,Baringo,KE,2021-10-01 13:33:10,0.4667,35.9667,83.39,43,100,5.03
473,Praia,CV,2021-10-01 13:28:54,14.9215,-23.5087,86.54,54,20,16.11
474,Casteltermini,IT,2021-10-01 13:33:10,37.5405,13.6445,75.24,60,100,7.34
475,Linhares,BR,2021-10-01 13:33:10,-19.3911,-40.0722,83.89,57,98,1.99
476,Ahuimanu,US,2021-10-01 13:33:11,21.4447,-157.8378,76.75,74,90,10.36
477,Seoul,KR,2021-10-01 13:30:18,37.5683,126.9778,69.31,94,90,26.46
478,Tamazunchale,MX,2021-10-01 13:33:11,21.2667,-98.7833,73.74,90,97,1.19
479,Port Hardy,CA,2021-10-01 13:33:11,50.6996,-127.4199,50.0,100,20,0.0
480,Fuyu,CN,2021-10-01 13:33:12,45.1833,124.8167,44.02,55,2,5.44
481,Itaituba,BR,2021-10-01 13:31:45,-4.2761,-55.9836,84.36,84,75,1.68
482,Adrar,MR,2021-10-01 13:33:12,20.5022,-10.0711,102.07,15,16,8.37
483,Asilah,MA,2021-10-01 13:33:12,35.465,-6.0348,80.56,58,98,11.95
484,Camacha,PT,2021-10-01 13:33:13,33.0833,-16.3333,74.16,64,20,18.41
485,Saint-Paul-Les-Dax,FR,2021-10-01 13:33:13,43.7272,-1.0516,75.2,63,0,8.05
486,Mehamn,NO,2021-10-01 13:33:13,71.0357,27.8492,48.38,63,42,18.68
487,Rockport,US,2021-10-01 13:33:14,28.0206,-97.0544,77.02,97,90,12.66
488,Torit,SS,2021-10-01 13:30:19,4.4133,32.5678,80.28,67,98,5.44
489,Naze,JP,2021-10-01 13:33:14,28.3667,129.4833,76.96,76,7,11.81
490,Senneterre,CA,2021-10-01 13:33:21,48.3835,-77.2328,35.82,64,28,3.04
491,Pacific Grove,US,2021-10-01 13:33:09,36.6177,-121.9166,61.14,71,1,3.44
492,Kouroussa,GN,2021-10-01 13:30:15,10.65,-9.8833,83.08,74,38,5.99
493,Riverton,US,2021-10-01 13:30:06,40.5219,-111.9391,53.31,58,1,8.99
494,Houma,US,2021-10-01 13:33:22,29.5958,-90.7195,79.0,95,100,7.76
495,Grand-Lahou,CI,2021-10-01 13:33:22,5.1367,-5.0242,81.81,73,100,7.9
496,Bindi,SL,2021-10-01 13:33:23,9.9167,-11.45,83.26,76,30,5.32
497,Port Blair,IN,2021-10-01 13:33:23,11.6667,92.75,81.5,81,12,10.98
498,Baloda,IN,2021-10-01 13:33:23,22.15,82.4833,80.06,76,13,2.73
499,Comodoro Rivadavia,AR,2021-10-01 13:33:24,-45.8667,-67.5,49.86,34,0,5.75
500,Zvishavane,ZW,2021-10-01 13:33:24,-20.3267,30.0665,90.1,19,0,10.47
501,Asyut,EG,2021-10-01 13:33:25,27.181,31.1837,91.58,22,0,17.27
502,Hay River,CA,2021-10-01 13:33:25,60.8156,-115.7999,42.78,87,75,10.36
503,Luyang,CN,2021-10-01 13:33:25,27.6239,110.0989,77.5,71,0,2.75
504,Suozhen,CN,2021-10-01 13:33:26,36.9539,118.1047,65.39,93,36,6.6
505,Ust-Kulom,RU,2021-10-01 13:33:26,61.6864,53.6902,39.99,62,100,3.42
506,Sudislavl,RU,2021-10-01 13:33:26,57.8817,41.7083,48.6,73,68,3.91
507,Bay Roberts,CA,2021-10-01 13:33:27,47.5999,-53.2648,63.03,97,100,3.0
508,Ginir,ET,2021-10-01 13:33:27,7.1333,40.7,67.5,69,91,10.6
509,Chapais,CA,2021-10-01 13:33:27,49.7834,-74.8492,46.18,60,6,6.2
510,Dudinka,RU,2021-10-01 13:33:28,69.4058,86.1778,25.34,95,100,11.32
511,Porto Belo,BR,2021-10-01 13:30:54,-27.1578,-48.5531,71.17,48,100,22.24
512,Zyryanka,RU,2021-10-01 13:33:28,65.75,150.85,29.43,68,100,6.58
513,Northam,GB,2021-10-01 13:33:28,51.0333,-4.2167,62.42,68,14,16.35
514,Anloga,GH,2021-10-01 13:33:29,5.7947,0.8973,79.02,75,75,12.3
515,Shitanjing,CN,2021-10-01 13:33:29,39.2342,106.3439,65.7,21,1,4.63
516,Mogadishu,SO,2021-10-01 13:33:29,2.0371,45.3438,84.07,84,40,16.11
517,Pitimbu,BR,2021-10-01 13:33:30,-7.4706,-34.8086,84.79,67,4,11.95
518,Vanimo,PG,2021-10-01 13:33:30,-2.6741,141.3028,78.53,89,100,8.03
519,Saint Anthony,US,2021-10-01 13:30:28,45.0205,-93.218,66.92,88,75,0.0
520,Necochea,AR,2021-10-01 13:31:54,-38.5473,-58.7368,58.03,62,15,11.72
521,Saint-Joseph,RE,2021-10-01 13:33:31,-21.3667,55.6167,75.58,74,33,10.51
522,Uusikaupunki,FI,2021-10-01 13:33:31,60.8004,21.4084,55.92,85,100,19.62
523,Esmeraldas,BR,2021-10-01 13:33:32,-19.7625,-44.3139,83.44,34,2,8.05
524,Lethem,GY,2021-10-01 13:33:32,3.3803,-59.7968,88.39,54,59,11.36
525,Santa Cruz Del Sur,CU,2021-10-01 13:33:32,20.7147,-77.9956,82.74,69,2,11.86
526,Pirmasens,DE,2021-10-01 13:33:33,49.2015,7.6053,66.87,42,69,6.91
527,Toora-Khem,RU,2021-10-01 13:33:33,52.4675,96.11,38.05,91,100,10.07
528,Belmonte,BR,2021-10-01 13:33:33,-15.8631,-38.8828,82.9,60,8,8.79
529,Sambava,MG,2021-10-01 13:33:34,-14.2667,50.1667,76.23,70,6,11.01
530,Vanderhoof,CA,2021-10-01 13:33:34,54.0166,-124.0198,36.61,93,11,3.58
531,Ancud,CL,2021-10-01 13:31:39,-41.8697,-73.8203,44.13,95,100,20.09
532,Dzaoudzi,YT,2021-10-01 13:33:34,-12.7887,45.2699,80.49,74,90,5.75
533,Ayr,GB,2021-10-01 13:30:14,55.4627,-4.6339,55.92,67,75,25.32
534,Harper,LR,2021-10-01 13:33:35,4.375,-7.7169,82.09,74,61,8.41
535,Mirnyy,RU,2021-10-01 13:33:35,62.5353,113.9611,28.65,83,21,4.03
536,Sao Francisco,BR,2021-10-01 13:33:35,-15.9486,-44.8644,95.97,22,32,9.86
537,Baykit,RU,2021-10-01 13:33:36,61.67,96.37,37.8,99,100,1.59
538,Mosquera,CO,2021-10-01 13:29:08,4.7059,-74.2302,55.49,94,75,3.44
539,Paita,PE,2021-10-01 13:33:36,-5.0892,-81.1144,68.56,70,1,9.6
540,Esperance,AU,2021-10-01 13:33:37,-33.8667,121.9,60.64,87,79,19.64
541,Novobirilyussy,RU,2021-10-01 13:33:37,56.9514,90.6661,36.77,97,100,8.23
542,Alice Springs,AU,2021-10-01 13:31:17,-23.7,133.8833,65.75,24,0,1.14
543,Mizdah,LY,2021-10-01 13:33:38,31.4451,12.9801,82.09,28,0,13.31
